Type,SOH_Start,App,Avg_Temp_C,Aging_Rate_Hr,Est_Life_Hours,Phase_Note,Param,Multiplier,Value
Internal (D_E_REF x0.5),0.9,gaming_5g,34.23823042184722,1.7584008876747603e-07,568698.5300163038,Stable,D_E_REF,0.5,1e-10
Internal (D_E_REF x1.0),0.9,gaming_5g,34.23823042184722,1.7584008876747603e-07,568698.5300163038,Stable,D_E_REF,1.0,2e-10
Internal (D_E_REF x2.0),0.9,gaming_5g,34.23823042184722,1.7584008876747603e-07,568698.5300163038,Stable,D_E_REF,2.0,4e-10
Internal (K0 x0.5),0.9,gaming_5g,34.23823042184722,1.7584008876747603e-07,568698.5300163038,Stable,K0,0.5,5e-06
Internal (K0 x1.0),0.9,gaming_5g,34.23823042184722,1.7584008876747603e-07,568698.5300163038,Stable,K0,1.0,1e-05
Internal (K0 x2.0),0.9,gaming_5g,34.23823042184722,1.7584008876747603e-07,568698.5300163038,Stable,K0,2.0,2e-05
