Type,SOH_Start,App,Avg_Temp_C,Aging_Rate_Hr,Est_Life_Hours,Param,Multiplier,Value
Internal (D_E_REF x0.5),0.9,gaming_heavy,34.970679215527696,1.746160300797328e-07,1145370.2154875267,D_E_REF,0.5,1e-10
Internal (D_E_REF x1.0),0.9,gaming_heavy,34.97067956687471,1.7461599305379494e-07,1145370.4583542063,D_E_REF,1.0,2e-10
Internal (D_E_REF x2.0),0.9,gaming_heavy,34.97067974255725,1.7461597429102582e-07,1145370.5814261162,D_E_REF,2.0,4e-10
Internal (K0 x0.5),0.9,gaming_heavy,34.97034533699923,1.7465294960272715e-07,1145128.0980649244,K0,0.5,5e-06
Internal (K0 x1.0),0.9,gaming_heavy,34.97067956687471,1.7461599305379494e-07,1145370.4583542063,K0,1.0,1e-05
Internal (K0 x2.0),0.9,gaming_heavy,34.970847576415,1.745974257949534e-07,1145492.2607786858,K0,2.0,2e-05
